ID,Type,Etat,Description,Email,Name,Subject
16,,aaaaaaaaaaaa,xx,xaaaaaaaaaaa,,aR3gAibeDRY7@aboskandar.xyz,
17,"Jhon Cen",aaaaÂ²,bbbbbbbbb,okaaaaaaaaaaaay,testx,xxxxxxxxxxx@gmail.com,
18,ddd,aaaaaaaaaaaaaaaaaaa,aaaaaaaaaaaaaaaaa,daddadad,ddd,dddx@gmail.com,
21,,qaaaaaaaa,aaaaaaaaaaaaaaaaa,aaaaaaaaaaaaaa,,aaa@esprit.tn,
24,,aaaaaaaaaaaa,aaaaaaaaaaaaaaaaaaaaaaa,aaaaaaaaaaaaaaaaaaaaaa,,aaaaa@esprit.tn,
25,,aaaaaaaaaaaaaaaaaa,aaaaaaaaaaaaaaaaaaaaaaaaaa,aaaaaaaaaaaaaaaaaaaaaaaaaaaaa,,ameni@esprit.tn,
33,,zdzd,dz,zd,,dorraa@yahoo.com,
34,,dzdz,dz,dzdz,,dorraa@yahoo.com,
35,dzdz,,,zddzdz,fzef,dorraa@yahoo.com,3
36,,dzdz,dzdz,dzdz,,dzd@zd.com,
